timeStamp,elapsed,label,responseCode,responseMessage,threadName,dataType,success,failureMessage,bytes,sentBytes,grpThreads,allThreads,URL,Latency,IdleTime,Connect
1677730089815,25497,Post_1w,200,OK,TestAPI 1-2,text,true,,11821895,303,10,10,http://103.1.238.175:2000/api/social/dataSensor,3419,0,70
1677730088811,26883,Post_1w,200,OK,TestAPI 1-1,text,true,,11821895,303,9,9,http://103.1.238.175:2000/api/social/dataSensor,2490,0,27
1677730091811,24904,Post_1w,200,OK,TestAPI 1-4,text,true,,11821895,303,8,8,http://103.1.238.175:2000/api/social/dataSensor,5816,0,74
1677730093811,23069,Post_1w,200,OK,TestAPI 1-6,text,true,,11821895,303,7,7,http://103.1.238.175:2000/api/social/dataSensor,8696,0,76
1677730096814,20426,Post_1w,200,OK,TestAPI 1-9,text,true,,11821895,303,6,6,http://103.1.238.175:2000/api/social/dataSensor,12117,0,72
1677730090811,26476,Post_1w,200,OK,TestAPI 1-3,text,true,,11821895,303,5,5,http://103.1.238.175:2000/api/social/dataSensor,4387,0,27
1677730092810,25567,Post_1w,200,OK,TestAPI 1-5,text,true,,11821895,303,4,4,http://103.1.238.175:2000/api/social/dataSensor,7884,0,75
1677730097812,20703,Post_1w,200,OK,TestAPI 1-10,text,true,,11821895,303,3,3,http://103.1.238.175:2000/api/social/dataSensor,14001,0,74
1677730095811,22783,Post_1w,200,OK,TestAPI 1-8,text,true,,11821895,303,2,2,http://103.1.238.175:2000/api/social/dataSensor,11578,0,75
1677730094810,24031,Post_1w,200,OK,TestAPI 1-7,text,true,,11821895,303,1,1,http://103.1.238.175:2000/api/social/dataSensor,10608,0,76
